{"format_version":"1.8.0","animations":{"animation.become_creeper.general":{"loop":true,"animation_length":9.04,"bones":{"1":{"rotation":{"0.0":[0,0,0],"0.8":[0,0,0],"7.0":[0,0,0]},"position":{"0.8":[0,0,0],"1.4":[0,3,0],"1.68":[0,-12.62,0],"7.0":[0,-5,0],"7.36":[0,0,0],"7.92":[0,3,0],"8.04":[0,0,0]},"scale":{"1.32":[1,1,1],"1.76":[0,0,0],"7.0":[0,0,0],"7.36":[1,1,1]}},"4":{"rotation":[0,180,0],"position":{"1.76":[0,0,0],"2.84":[0,2,0],"3.0":[0,0,0],"5.96":[0,0,0],"6.04":[0,1,0],"6.12":[0,0,0],"6.2":[0,1,0],"6.32":[0,0,0],"6.4":[0,1,0],"6.48":[0,0,0],"6.56":[0,1,0],"6.8":[0,8,0]},"scale":{"0.0":[0,0,0],"1.56":[0,0,0],"1.92":[1,1,1],"6.76":[1,1,1],"7.12":[0,0,0]}},"5":{"rotation":{"2.84":[0,0,0],"3.44":[76,-142,-243],"7.92":[0,0,0],"8.52":[76,-142,-243]},"position":{"2.84":[0,0,0],"3.44":[11,1,0],"3.6":[12.8,-1.8,0],"7.92":[0,0,0],"8.52":[11,1,0],"8.68":[12.8,-1.8,0]},"scale":{"0.0":[0,0,0],"2.84":[0,0,0],"3.36":[5,5,5],"3.44":[5,5,5],"3.6":[0,0,0],"7.92":[0,0,0],"8.44":[5,5,5],"8.52":[5,5,5],"8.68":[0,0,0]}},"6":{"rotation":{"0.0":[0,0,0],"2.84":[0,0,0],"3.44":[0,56,-66],"3.6":[0,0,0],"7.92":[0,0,0],"8.52":[0,56,-66],"8.68":[0,0,0]},"position":{"2.84":[0,0,0],"3.44":[8,2,-6.4],"3.6":[9.3,-1.9,-7.4],"7.92":[0,0,0],"8.52":[8,2,-6.4],"8.68":[9.3,-1.9,-7.4]},"scale":{"0.0":[0,0,0],"2.84":[0,0,0],"3.36":[5,5,5],"3.44":[5,5,5],"3.6":[0,0,0],"7.92":[0,0,0],"8.44":[5,5,5],"8.52":[5,5,5],"8.68":[0,0,0]}},"7":{"rotation":{"0.0":[0,0,0],"2.84":[0,0,0],"3.44":[-140,0,90],"3.6":[0,0,102.5],"7.92":[0,0,0],"8.52":[-140,0,90],"8.68":[0,0,102.5]},"position":{"2.84":[0,0,0],"3.44":[-6,2,-7],"3.6":[-8,0,-9],"7.92":[0,0,0],"8.52":[-6,2,-7],"8.68":[-8,0,-9]},"scale":{"0.0":[0,0,0],"2.84":[0,0,0],"3.36":[5,5,5],"3.44":[5,5,5],"3.6":[0,0,0],"7.92":[0,0,0],"8.44":[5,5,5],"8.52":[5,5,5],"8.68":[0,0,0]}},"8":{"rotation":{"0.0":[0,0,0],"2.84":[0,0,0],"3.44":[0,0,186.26879],"3.6":[0,0,2e-5],"7.92":[0,0,0],"8.52":[0,0,186.26879],"8.68":[0,0,2e-5]},"position":{"2.84":[0,0,0],"3.44":[-6,2,0],"3.6":[-8,0,0],"7.92":[0,0,0],"8.52":[-6,2,0],"8.68":[-8,0,0]},"scale":{"0.0":[0,0,0],"2.84":[0,0,0],"3.36":[5,5,5],"3.44":[5,5,5],"3.6":[0,0,0],"7.92":[0,0,0],"8.44":[5,5,5],"8.52":[5,5,5],"8.68":[0,0,0]}},"9":{"rotation":{"0.0":[0,0,0],"2.84":[0,0,0],"3.44":[0,0,186.26879],"3.6":[0,0,2e-5],"7.92":[0,0,0],"8.52":[0,0,186.26879],"8.68":[0,0,2e-5]},"position":{"2.84":[0,0,0],"3.44":[-6,2,7],"3.6":[-8,0,9],"7.92":[0,0,0],"8.52":[-6,2,7],"8.68":[-8,0,9]},"scale":{"0.0":[0,0,0],"2.84":[0,0,0],"3.36":[5,5,5],"3.44":[5,5,5],"3.6":[0,0,0],"7.92":[0,0,0],"8.44":[5,5,5],"8.52":[5,5,5],"8.68":[0,0,0]}},"10":{"rotation":{"0.0":[0,0,0],"2.84":[0,0,0],"3.44":[0,0,186.26879],"3.6":[0,0,2e-5],"7.92":[0,0,0],"8.52":[0,0,186.26879],"8.68":[0,0,2e-5]},"position":{"2.84":[0,0,0],"3.44":[-5,2,10],"3.6":[-8,0,14],"7.92":[0,0,0],"8.52":[-5,2,10],"8.68":[-8,0,14]},"scale":{"0.0":[0,0,0],"2.84":[0,0,0],"3.36":[5,5,5],"3.44":[5,5,5],"3.6":[0,0,0],"7.92":[0,0,0],"8.44":[5,5,5],"8.52":[5,5,5],"8.68":[0,0,0]}},"11":{"rotation":{"0.0":[0,0,0],"2.84":[0,0,0],"3.44":[0,0,186.26879],"3.6":[0,0,2e-5],"7.92":[0,0,0],"8.52":[0,0,186.26879],"8.68":[0,0,2e-5]},"position":{"2.84":[0,0,0],"3.44":[7,2,9],"3.6":[10,0,13],"7.92":[0,0,0],"8.52":[7,2,9],"8.68":[10,0,13]},"scale":{"0.0":[0,0,0],"2.84":[0,0,0],"3.36":[5,5,5],"3.44":[5,5,5],"3.6":[0,0,0],"7.92":[0,0,0],"8.44":[5,5,5],"8.52":[5,5,5],"8.68":[0,0,0]}},"head":{"rotation":{"0.0":[0,0,0],"1.04":[0,0,0],"1.32":[-45,0,0],"6.96":[0,0,0]}},"leg0":{"rotation":{"6.64":[0,0,0],"7.28":[16.98216,-14.98328,40.25057],"7.88":[0,0,0]}},"leg1":{"rotation":{"6.64":[0,0,0],"7.28":[22.90981,10.28859,-22.90981],"7.88":[0,0,0]}},"leg2":{"rotation":{"6.64":[0,0,0],"7.28":[-27.5,0,25],"7.88":[0,0,0]}},"leg3":{"rotation":{"6.64":[0,0,0],"7.28":[-18.88172,-6.71771,-18.88172],"7.88":[0,0,0]}},"body":{"rotation":[0,0,0]},"leftArm":{"rotation":{"7.0":[0,0,0],"7.8":[0,0,27.5],"8.04":[0,0,0]},"position":{"0.0":[0,0,0],"1.08":[0,0,0],"1.56":[4,-12,4],"5.92":[0,0,0]}},"rightArm":{"rotation":{"7.0":[0,0,0],"7.8":[0,0,-27.5],"8.04":[0,0,0]},"position":{"0.0":[0,0,0],"1.08":[0,0,0],"1.56":[-4,-12,4],"5.92":[0,0,0]}},"leftLeg":{"rotation":{"7.0":[0,0,0],"7.8":[0,0,27.5],"8.04":[0,0,0]},"position":{"1.04":[0,0,0],"1.56":[0,0,-4.3],"7.0":[0,0,0]}},"rightLeg":{"rotation":{"7.0":[0,0,0],"7.8":[0,0,-20],"8.04":[0,0,0]},"position":{"1.04":[0,0,0],"1.56":[0,0,-4.3],"7.0":[0,0,0]}},"head4":{"rotation":{"3.8":[0,0,0],"3.96":[22.5,-32.5,0],"4.36":[22.5,-32.5,0],"4.64":[22.5,32.5,0],"4.92":[22.5,32.5,0],"5.64":[0,0,0]}}}}}}