{"format_version":"1.8.0","animations":{"animation.duplication_potion.idle":{"loop":true,"animation_length":4.16,"bones":{"body2":{"rotation":{"0.08":[0,0,0],"0.12":[-10,0,5],"0.28":[0,0,0],"0.32":[0,0,0],"0.36":[-10,0,5],"0.52":[0,0,0],"0.56":[0,0,0],"0.6":[-10,0,5],"0.76":[0,0,0],"0.8":[0,0,0],"0.84":[-10,0,5],"1.0":[0,0,0]}},"head2":{"rotation":{"0.0":[-12.5,0,0],"0.48":{"post":[-25,10,0],"lerp_mode":"catmullrom"},"1.08":{"post":[-12.5,10,0],"lerp_mode":"catmullrom"},"1.72":[-12.5,0,0],"2.32":[-15.83,-8.61,0],"3.0":{"post":[-12.5,0,0],"lerp_mode":"catmullrom"},"3.52":[-25,10,0],"4.12":[-12.5,0,0]}},"leftArm2":{"rotation":{"0.0":[-25,10,0],"0.04":[0,0,0],"0.08":[15,-17.5,0],"0.12":[15,-50,15],"0.16":[15,-30,15],"0.2":[7.5,20,-2.5],"0.24":[7.5,27.5,-2.5],"0.28":[0,0,0],"0.32":[15,-17.5,0],"0.36":[15,-50,15],"0.4":[15,-30,15],"0.44":[7.5,20,-2.5],"0.48":[7.5,27.5,-2.5],"0.52":[0,0,0],"0.56":[15,-17.5,0],"0.6":[15,-50,15],"0.64":[15,-30,15],"0.68":[7.5,20,-2.5],"0.72":[7.5,27.5,-2.5],"0.76":[0,0,0],"0.8":[15,-17.5,0],"0.84":[15,-50,15],"0.88":[15,-30,15],"0.92":[7.5,20,-2.5],"0.96":[7.5,27.5,-2.5],"1.04":[-4.43833,11.79567,6.42089]}},"rightArm2":{"rotation":{"0.08":[0,0,0],"0.2":[0,0,5],"0.32":[0,0,0],"0.44":[0,0,5],"0.56":[0,0,0],"0.68":[0,0,5],"0.8":[0,0,0],"0.92":[0,0,5],"1.04":[0,0,0],"1.8":[0,0,5],"2.6":[0,0,0],"3.32":[0,0,5],"4.12":[0,0,0]}},"Grass12":{"position":{"0.96":[0,0,0],"3.48":[0,-16.2,0],"4.08":[0,0,0]},"scale":{"0.96":[1,1,1],"1.0":[0,0,0],"3.44":[0,0,0],"3.48":[1,1,1]}},"Grass13":{"scale":{"0.0":[0,0,0],"0.04":[1,1,1],"0.96":[1,1,1],"1.0":[0,0,0]}},"Grass14":{"scale":{"0.08":[0,0,0],"0.12":[1,1,1],"0.96":[1,1,1],"1.0":[0,0,0]}},"Grass15":{"scale":{"0.16":[0,0,0],"0.2":[1,1,1],"0.96":[1,1,1],"1.0":[0,0,0]}},"Grass16":{"scale":{"0.28":[0,0,0],"0.32":[1,1,1],"0.96":[1,1,1],"1.0":[0,0,0]}},"Grass17":{"scale":{"0.36":[0,0,0],"0.4":[1,1,1],"0.96":[1,1,1],"1.0":[0,0,0]}},"Grass18":{"scale":{"0.44":[0,0,0],"0.48":[1,1,1],"0.96":[1,1,1],"1.0":[0,0,0]}},"Grass19":{"scale":{"0.52":[0,0,0],"0.56":[1,1,1],"0.96":[1,1,1],"1.0":[0,0,0]}},"Grass20":{"scale":{"0.64":[0,0,0],"0.68":[1,1,1],"0.96":[1,1,1],"1.0":[0,0,0]}},"Grass21":{"scale":{"0.76":[0,0,0],"0.8":[1,1,1],"0.96":[1,1,1],"1.0":[0,0,0]}},"Grass22":{"scale":{"0.84":[0,0,0],"0.88":[1,1,1],"0.96":[1,1,1],"1.0":[0,0,0]}},"pickaxe2":{"scale":1},"Pick":{"scale":{"0.0":[1,1,1],"0.96":[1,1,1]}},"bone7":{"rotation":[0,15,0],"position":{"0.96":[0,0,16],"1.12":{"post":[2,2,16],"lerp_mode":"catmullrom"},"1.28":[6,-14,16],"1.4":[7,-14,16]},"scale":{"0.96":[0.1,0.1,0.1],"2.04":[0.1,0.1,0.1],"2.08":[0,0,0]}},"bone5":{"position":{"1.2":[0,0,0],"1.24":[0,4,0],"1.28":[0,7,0]}},"bone8":{"position":{"0.96":[0,0,16],"1.12":{"post":[0,2,17],"lerp_mode":"catmullrom"},"1.28":[0,-14,20],"1.4":[0,-14,21]},"scale":{"0.96":[0.1,0.1,0.1],"2.04":[0.1,0.1,0.1],"2.08":[0,0,0]}},"bone10":{"position":{"0.96":[0,0,16],"1.12":[-1,2,11],"1.28":[-1,-14,7.33],"1.4":[-1,-14,4.33]},"scale":{"0.96":[0.1,0.1,0.1],"1.88":[0.1,0.1,0.1],"1.92":[0,0,0]}},"bone11":{"position":{"0.96":[0,0,16],"1.12":{"post":[3,2,16],"lerp_mode":"catmullrom"},"1.28":[10,-14,12],"1.4":[11,-14,11]},"scale":{"0.96":[0.1,0.1,0.1],"1.84":[0.1,0.1,0.1],"1.88":[0,0,0]}},"bone12":{"position":{"0.96":[0,0,16],"1.12":{"post":[1,3,20],"lerp_mode":"catmullrom"},"1.28":[4,-14,22],"1.4":[5,-14,25]},"scale":{"0.96":[0.1,0.1,0.1],"1.8":[0.1,0.1,0.1],"1.84":[0,0,0]}},"bone13":{"rotation":[0,-20,0],"position":{"0.96":[0,0,16],"1.12":{"post":[-4,2,16],"lerp_mode":"catmullrom"},"1.28":[-9,-14,16],"1.4":[-11,-14,16]},"scale":{"0.96":[0.1,0.1,0.1],"1.8":[0.1,0.1,0.1],"1.84":[0,0,0]}},"bone14":{"rotation":[0,35,0],"position":{"0.96":[0,0,16],"1.12":{"post":[-2,2,18],"lerp_mode":"catmullrom"},"1.28":[-5,-14,21],"1.4":[-6,-14,22]},"scale":{"0.96":[0.1,0.1,0.1],"2.12":[0.1,0.1,0.1],"2.16":[0,0,0]}},"bone6":{"rotation":{"1.0":[0,0,0],"2.56":[0,180,0],"3.44":[0,281.54,0]},"position":{"1.0":[0,-3,16],"1.12":{"post":[-3,0,13],"lerp_mode":"catmullrom"},"1.52":[-7,-5.7,8],"1.68":[-7,-5.7,8],"2.56":[-7,-4.7,8],"3.36":[-7,-5.7,8],"3.44":[-18,7.13,-5]},"scale":{"1.0":[0.3,0.3,0.3],"3.36":[0.3,0.3,0.3],"3.44":[0,0,0]}},"Grass2":{"position":{"0.96":[0,0,0],"3.48":[0,-16.2,0],"4.08":[0,0,0]},"scale":{"0.96":[1,1,1],"1.0":[0,0,0],"3.44":[0,0,0],"3.48":[1,1,1]}},"Grass3":{"scale":{"0.0":[0,0,0],"0.04":[1,1,1],"0.96":[1,1,1],"1.0":[0,0,0]}},"Grass4":{"scale":{"0.08":[0,0,0],"0.12":[1,1,1],"0.96":[1,1,1],"1.0":[0,0,0]}},"Grass5":{"scale":{"0.16":[0,0,0],"0.2":[1,1,1],"0.96":[1,1,1],"1.0":[0,0,0]}},"Grass6":{"scale":{"0.28":[0,0,0],"0.32":[1,1,1],"0.96":[1,1,1],"1.0":[0,0,0]}},"Grass7":{"scale":{"0.36":[0,0,0],"0.4":[1,1,1],"0.96":[1,1,1],"1.0":[0,0,0]}},"Grass8":{"scale":{"0.44":[0,0,0],"0.48":[1,1,1],"0.96":[1,1,1],"1.0":[0,0,0]}},"Grass9":{"scale":{"0.52":[0,0,0],"0.56":[1,1,1],"0.96":[1,1,1],"1.0":[0,0,0]}},"Grass10":{"scale":{"0.64":[0,0,0],"0.68":[1,1,1],"0.96":[1,1,1],"1.0":[0,0,0]}},"Grass11":{"scale":{"0.76":[0,0,0],"0.8":[1,1,1],"0.96":[1,1,1],"1.0":[0,0,0]}},"Grass23":{"scale":{"0.84":[0,0,0],"0.88":[1,1,1],"0.96":[1,1,1],"1.0":[0,0,0]}},"bone17":{"rotation":{"1.0":[0,0,0],"2.56":[0,180,0],"3.44":[0,281.54,0]},"position":{"1.0":[0,-3,16],"1.12":{"post":[3,0,13],"lerp_mode":"catmullrom"},"1.52":[7,-5.7,8],"1.68":[7,-5.7,8],"2.56":[7,-4.7,8],"3.36":[7,-5.7,8],"3.44":[27,7.13,-11]},"scale":{"1.0":[0.3,0.3,0.3],"3.36":[0.3,0.3,0.3],"3.44":[0,0,0]}},"bone18":{"position":{"1.2":[0,0,0],"1.24":[0,4,0],"1.28":[0,7,0]}},"bone19":{"rotation":[0,15,0],"position":{"0.96":[0,0,16],"1.12":{"post":[2,2,16],"lerp_mode":"catmullrom"},"1.28":[6,-14,16],"1.4":[7,-14,16]},"scale":{"0.96":[0.1,0.1,0.1],"2.04":[0.1,0.1,0.1],"2.08":[0,0,0]}},"bone20":{"position":{"0.96":[0,0,16],"1.12":{"post":[0,2,17],"lerp_mode":"catmullrom"},"1.28":[0,-14,20],"1.4":[0,-14,21]},"scale":{"0.96":[0.1,0.1,0.1],"2.04":[0.1,0.1,0.1],"2.08":[0,0,0]}},"bone21":{"position":{"0.96":[0,0,16],"1.12":[-1,2,11],"1.28":[-1,-14,7.33],"1.4":[-1,-14,4.33]},"scale":{"0.96":[0.1,0.1,0.1],"1.88":[0.1,0.1,0.1],"1.92":[0,0,0]}},"bone22":{"position":{"0.96":[0,0,16],"1.12":{"post":[3,2,16],"lerp_mode":"catmullrom"},"1.28":[10,-14,12],"1.4":[11,-14,11]},"scale":{"0.96":[0.1,0.1,0.1],"1.84":[0.1,0.1,0.1],"1.88":[0,0,0]}},"bone23":{"position":{"0.96":[0,0,16],"1.12":{"post":[1,3,20],"lerp_mode":"catmullrom"},"1.28":[4,-14,22],"1.4":[5,-14,25]},"scale":{"0.96":[0.1,0.1,0.1],"1.8":[0.1,0.1,0.1],"1.84":[0,0,0]}},"bone24":{"rotation":[0,-20,0],"position":{"0.96":[0,0,16],"1.12":{"post":[-4,2,16],"lerp_mode":"catmullrom"},"1.28":[-9,-14,16],"1.4":[-11,-14,16]},"scale":{"0.96":[0.1,0.1,0.1],"1.8":[0.1,0.1,0.1],"1.84":[0,0,0]}},"bone25":{"rotation":[0,35,0],"position":{"0.96":[0,0,16],"1.12":{"post":[-2,2,18],"lerp_mode":"catmullrom"},"1.28":[-5,-14,21],"1.4":[-6,-14,22]},"scale":{"0.96":[0.1,0.1,0.1],"2.12":[0.1,0.1,0.1],"2.16":[0,0,0]}},"body3":{"rotation":{"0.08":[0,0,0],"0.12":[-10,0,5],"0.28":[0,0,0],"0.32":[0,0,0],"0.36":[-10,0,5],"0.52":[0,0,0],"0.56":[0,0,0],"0.6":[-10,0,5],"0.76":[0,0,0],"0.8":[0,0,0],"0.84":[-10,0,5],"1.0":[0,0,0]}},"head3":{"rotation":{"0.0":[-12.5,0,0],"0.48":{"post":[-25,10,0],"lerp_mode":"catmullrom"},"1.08":{"post":[-12.5,10,0],"lerp_mode":"catmullrom"},"1.72":[-12.5,0,0],"2.32":[-15.83,-8.61,0],"3.0":{"post":[-12.5,0,0],"lerp_mode":"catmullrom"},"3.52":[-25,10,0],"4.12":[-12.5,0,0]}},"leftArm3":{"rotation":{"0.0":[-25,10,0],"0.04":[0,0,0],"0.08":[15,-17.5,0],"0.12":[15,-50,15],"0.16":[15,-30,15],"0.2":[7.5,20,-2.5],"0.24":[7.5,27.5,-2.5],"0.28":[0,0,0],"0.32":[15,-17.5,0],"0.36":[15,-50,15],"0.4":[15,-30,15],"0.44":[7.5,20,-2.5],"0.48":[7.5,27.5,-2.5],"0.52":[0,0,0],"0.56":[15,-17.5,0],"0.6":[15,-50,15],"0.64":[15,-30,15],"0.68":[7.5,20,-2.5],"0.72":[7.5,27.5,-2.5],"0.76":[0,0,0],"0.8":[15,-17.5,0],"0.84":[15,-50,15],"0.88":[15,-30,15],"0.92":[7.5,20,-2.5],"0.96":[7.5,27.5,-2.5],"1.04":[-4.43833,11.79567,6.42089]}},"rightArm3":{"rotation":{"0.08":[0,0,0],"0.2":[0,0,5],"0.32":[0,0,0],"0.44":[0,0,5],"0.56":[0,0,0],