{"format_version":"1.8.0","animations":{"animation.sm_statue.general":{"loop":true,"animation_length":5.72,"bones":{"bone2":{"rotation":{"1.76":[0,0,0],"2.28":[0,-12.5,0],"2.8":[0,-12.5,0],"3.4":[0,-12.5,0],"3.92":[0,-12.5,0],"4.44":[0,0,0]}},"headd3":{"rotation":{"0.0":[0,0,0],"0.52":[0,0,0],"1.04":[0,0,0],"1.24":[0,0,0],"1.76":[0,0,0],"2.28":[0,-55,0],"2.8":[0,-70,0],"3.8":[0,-70,0],"4.44":[0,0,0],"4.72":[0,0,0]}},"Rh2":{"rotation":{"0.04":[0,0,0],"0.08":[15,-17.5,0],"0.12":[15,-50,15],"0.16":[15,-30,15],"0.2":[7.5,20,-2.5],"0.24":[7.5,27.5,-2.5],"0.28":[0,0,0],"0.32":[15,-17.5,0],"0.36":[15,-50,15],"0.4":[15,-30,15],"0.44":[7.5,20,-2.5],"0.48":[7.5,27.5,-2.5],"0.52":[0,0,0],"0.56":[15,-17.5,0],"0.6":[15,-50,15],"0.64":[15,-30,15],"0.68":[7.5,20,-2.5],"0.72":[7.5,27.5,-2.5],"0.76":[0,0,0],"0.8":[15,-17.5,0],"0.84":[15,-50,15],"0.88":[15,-30,15],"0.92":[7.5,20,-2.5],"0.96":[7.5,27.5,-2.5],"1.04":[-4.43833,11.79567,6.42089],"1.48":[-4.44,11.8,6.42],"2.0":[-21.94,11.8,6.42],"3.4":[-21.94,11.8,6.42],"4.76":[-25,10,0],"4.8":[0,0,0],"4.84":[15,-17.5,0],"4.88":[15,-50,15],"4.92":[15,-30,15],"4.96":[7.5,20,-2.5],"5.0":[7.5,27.5,-2.5],"5.04":[0,0,0],"5.08":[15,-17.5,0],"5.12":[15,-50,15],"5.16":[15,-30,15],"5.2":[7.5,20,-2.5],"5.24":[7.5,27.5,-2.5],"5.28":[0,0,0],"5.32":[15,-17.5,0],"5.36":[15,-50,15],"5.4":[15,-30,15],"5.44":[7.5,20,-2.5],"5.48":[7.5,27.5,-2.5],"5.52":[0,0,0],"5.56":[15,-17.5,0],"5.6":[15,-50,15],"5.64":[15,-30,15],"5.68":[7.5,20,-2.5],"5.72":[7.5,27.5,-2.5]}},"Lh2":{"rotation":{"0.0":[0,0,0],"0.12":[0,0,5],"0.24":[0,0,0],"0.36":[0,0,5],"0.48":[0,0,0],"0.6":[0,0,5],"0.72":[0,0,0],"0.84":[0,0,5],"1.24":[-14.71975,3.40487,9.40804],"1.76":[0,0,0],"2.28":[-14.71975,3.40487,9.40804],"2.8":[0,0,0]}},"Ll4":{"rotation":{"1.76":[0,0,0],"2.28":[17.5,0,0],"2.8":[0,0,0],"3.96":[0,0,0],"4.32":[-17.5,0,0],"4.64":[0,0,0]}},"Rl4":{"rotation":{"1.76":[0,0,0],"2.28":[0,0,0],"2.8":[0,0,0],"3.4":[0,0,0],"3.92":[0,0,0],"4.44":[0,0,0]}},"bone8":{"rotation":{"1.52":[20,0,0],"1.76":[0,0,0],"2.28":[-47.5,0,0],"2.8":[-47.5,0,0],"4.08":[-47.5,0,0],"4.6":[0,0,0],"5.12":[0,0,0]}},"bone11":{"rotation":{"1.76":[0,0,0],"2.28":[0.12,-12.45,-1.11],"2.8":[0.12,-12.45,-1.11],"3.4":[0.12,-12.45,-1.11],"3.92":[0.12,-12.45,-1.11],"4.28":[0,0,0]}},"bone3":{"position":{"0.92":[-21.2,0,0],"0.96":[-21.61,0,0],"1.84":[0,0,0],"1.88":[1,0,0]},"scale":{"0.88":[0,0,0],"0.92":[1,1,0],"0.96":[1,1,0.5],"1.0":[1,1,1],"1.8":[1,1,1],"1.88":[1,1,0.6],"1.92":[0,0,0]}},"Ll2":{"rotation":{"0.92":[0,0,0],"1.0":[-35,0,0],"1.16":[37.5,0,0],"1.32":[-35,0,0],"1.48":[37.5,0,0],"1.64":[-35,0,0],"1.8":[37.5,0,0],"1.96":[-35,0,0]}},"Rl2":{"rotation":{"0.92":[0,0,0],"1.0":[37.5,0,0],"1.16":[-35,0,0],"1.32":[37.5,0,0],"1.48":[-35,0,0],"1.64":[37.5,0,0],"1.8":[-35,0,0],"1.96":[37.5,0,0]}},"bone7":{"position":{"2.16":[-21.2,0,0],"2.2":[-21.61,0,0],"3.24":[0,0,0],"3.28":[1,0,0]},"scale":{"2.12":[0,0,0],"2.16":[1,1,0],"2.2":[1,1,0.5],"2.24":[1,1,1],"3.2":[1,1,1],"3.28":[1,1,0.6],"3.32":[0,0,0]}},"Ll3":{"rotation":{"2.16":[0,0,0],"2.24":[-35,0,0],"2.4":[37.5,0,0],"2.56":[-35,0,0],"2.72":[37.5,0,0],"2.88":[-35,0,0],"3.04":[37.5,0,0],"3.2":[-35,0,0]}},"Rl3":{"rotation":{"2.16":[0,0,0],"2.24":[37.5,0,0],"2.4":[-35,0,0],"2.56":[37.5,0,0],"2.72":[-35,0,0],"2.88":[37.5,0,0],"3.04":[-35,0,0],"3.2":[37.5,0,0]}}}}}}