{"format_version":"1.8.0","animations":{"animation.villager_zombie.move":{"loop":true,"animation_length":2.08,"bones":{"bone2":{"rotation":{"0.0":[0,0,0],"0.52":[8.4493,-3.1029,11.78524],"1.56":[-4.05572,0.83224,-9.13418],"2.08":[0,0,0]}},"bone3":{"rotation":{"0.0":[0,0,0],"0.52":[8.4493,-3.1029,11.78524],"1.56":[-4.05572,0.83224,-9.13418],"2.08":[0,0,0]}},"head":{"rotation":{"0.0":[0,0,0],"0.52":[4.87739,1.93597,-7.24721],"1.04":[0,0,0],"1.56":[4.91615,-1.29876,7.38733],"2.08":[0,0,0]},"position":{"0.0":[0,0,0],"0.52":[0,0,0],"1.04":[0,0,0],"1.56":[0,0,0],"2.08":[0,0,0]}},"bone":{"rotation":{"0.0":[0,0,0],"0.52":[2.5,0,0],"1.04":[-10,0,0],"1.56":[10,0,0],"2.08":[0,0,0]}},"leftArm":{"rotation":{"1.04":[0,0,0],"1.32":[-10,0,0],"1.56":[0,0,0],"1.84":[7.5,0,0],"2.08":[0,0,0]},"position":{"0.0":[0,0,0],"0.52":[0,0,0.8],"1.04":[0,0,0],"1.32":[-0.54,2,-0.54],"1.56":[-1,0,-1],"2.08":[0,0,0]}},"rightArm":{"rotation":{"0.0":[0,0,0],"0.24":[-5,0,0],"0.52":[0,0,0],"0.76":[7.5,0,0],"1.04":[0,0,0]},"position":{"0.0":[0,0,0],"0.24":[0.46,2,-0.46],"0.52":[1,0,-1],"1.04":[0,0,0],"1.56":[0,0,1],"2.08":[0,0,0]}},"bone4":{"rotation":{"0.0":[0,0,0],"0.52":[0,-7.5,0],"1.04":[0,0,0],"1.56":[0,5,0],"2.08":[0,0,0]}},"bone6":{"rotation":{"1.04":[0,0,0],"1.28":[-15,0,0],"1.56":[0,0,0]}}}}}}